8gv9Yy4d.png,1
wngtyo4l.png,1
EpP1TMa0.png,1
rMciUvIh.png,2
04qwufUH.png,2
csxlApJ3.png,2
5qc4U0CY.png,1
JGVSHKkU.png,2
cGvfhmwJ.png,0
ujlDTqgY.png,0
P9ZIHuYB.png,1
ebrDWaXw.png,2
xYlBr5s6.png,0
WYTHhUty.png,0
C7GBjnIS.png,2
nrSFReGM.png,1
jLcTAyJp.png,0
8JO4kDZr.png,2
ymaeqgKb.png,2
PDjys19J.png,0
MzNOXT4x.png,1
8meXM06b.png,1
WXGjRpAq.png,0
4HCFm8zu.png,2
YQ6ZnSa9.png,0
6reTsEQH.png,0
qwl8sFAS.png,2
evEi5PNd.png,0
mAykShW8.png,0
79UvCF5l.png,0
qKLgI9ry.png,2
x3fptdCm.png,2
hfikXWGL.png,0
hNRcXIqp.png,0
0dS6DMeF.png,0
fxuMVs7B.png,2
y6VzXkBo.png,2
kiClDVWF.png,0
r6zhsMtG.png,1
gH1VU7Wa.png,2
ZeD2iYgc.png,0
CxeO631a.png,0
Ap3EymFv.png,2
XI5H4VdL.png,0
7tIJogXp.png,1
RKsBukTD.png,0
cqUm27NS.png,0
B3OFi1A6.png,0
jtedU9Ap.png,2
tv465TBk.png,2
8hvGIMgF.png,1
Psn7melq.png,1
T52XmpsG.png,0
Hp9O5Kty.png,1
9orcAMF1.png,2
DEnfR4kI.png,0
qI91yGHD.png,2
Ozs0ehkx.png,2
02jv7G1P.png,0
GUZ4TMxw.png,0
9CrxHcgA.png,1
2pxNGSco.png,2
6tjqTU40.png,2
B4NvpZQV.png,1
m38OevaY.png,0
ljrexiF1.png,0
K3tedViT.png,0
k3DuEHfL.png,0
9bOdjMY5.png,0
lBTtFr2v.png,1
cJjlHZOP.png,0
p8oL59kb.png,1
WPIZ9b6L.png,1
YrDWNvh1.png,0
wES1CV0b.png,1
ARBZsYJ2.png,2
tL2D3Uky.png,2
YpTZltdj.png,1
oRhtgTcs.png,2
DOJ658Vq.png,0
iMcaFIuG.png,2
C6oHP3kK.png,1
Z4WrkzuL.png,2
6dQbzgjx.png,1
blGC6W3R.png,0
7GgYSXyB.png,2
O3HCPuhs.png,2
frUKW7cg.png,2
7Z6frTIQ.png,0
4xp7ZVvc.png,1
m9dgUefj.png,0
CO6DzcfB.png,2
jCFARTus.png,1
c8KVy4AN.png,0
8QjogH9K.png,0
4DlZJ0XA.png,2
y5OmhadC.png,0
kG4Hjr3E.png,1
W3hK04dF.png,1
sHaKFybG.png,0
2oQvGMpn.png,0
ILhWmafr.png,0
SEJUDLvO.png,2
f6lhPGHJ.png,2
9Jy8isS5.png,1
P4d19qvO.png,0
tmvXC12k.png,2
d9DxcEjS.png,0
BDWdP6Xy.png,2
WzCBKxjp.png,2
3UxVKr1O.png,1
U04631R2.png,0
GJQcXyRY.png,2
gcOr2eVl.png,2
oNkMtYfD.png,2
WMH1vlqQ.png,2
rsLla3te.png,2
g0SwfNYc.png,1
8a3p7qsd.png,0
rfXxhg6Y.png,1
VIBObNhD.png,0
WosmjyDp.png,2
qTV7Db8f.png,2
IC1EoWGO.png,0
zXjYRwbs.png,0
mICyngdF.png,2
pa4c7Y3f.png,0
6BkshCMI.png,2
8PitzNnO.png,0
X63zGH1Y.png,1
kqMOI5xH.png,0
1jfoIbJN.png,2
k7vsIeYO.png,1
xKOToDvl.png,2
84UQhqmB.png,2
lZfanUhG.png,1
H5drhLKA.png,2
AbypcWLu.png,2
wcf8kmKY.png,0
Y3thuzZ5.png,0
9pgF4hjT.png,2
M8sW5pRZ.png,1
mPkthHyF.png,2
pTB2CYQe.png,2
5sFqJTK8.png,0
3h48rsfQ.png,1
9ey6mIVE.png,0
9Hoas6GY.png,2
zlHiTmJL.png,0
eMzVJpO1.png,0
ylCwx1rQ.png,1
YW5HOsZG.png,0
gUjX3RBw.png,0
bxt5MuON.png,2
qfKoWVvZ.png,2
BpWfZY3z.png,0
FAZNh6oH.png,2
XlsDJT8Y.png,2
KPFmUylE.png,2
jrt0F8NT.png,1
gEYGHqD8.png,2
fzH7S0gL.png,1
fWjh7DQ2.png,2
LQjdkzGi.png,2
Df6Z8Sso.png,2
fMdP6TIS.png,0
6wW3K4Bd.png,1
zNXrbqfh.png,0
Ah7zWkVe.png,2
zdEFONov.png,1
oIc7adlL.png,2
dRsFiP4x.png,0
GPm7O1UY.png,0
sbafyCoY.png,0
S2nmvi0V.png,1
1nr6lBDG.png,2
4MiC6YyS.png,2
xIGyVCmg.png,2
52tvMYAS.png,2
REcwWk35.png,0
YnOgHhJN.png,1
ekjsoab6.png,0
B6n3CYi9.png,2
X4GUfmio.png,2
i805esHc.png,2
mCNKsxIr.png,2
BTctF8Ua.png,2
PZ57M4mf.png,0
7r0IvNph.png,1
amGWHdQD.png,1
hnsKADpZ.png,0
TMhg6W5v.png,1
3HufTjAd.png,2
3zL1gNRb.png,1
Kxyl0VYZ.png,2
JojuKTFD.png,2
3JvlWjuk.png,1
n9eOr2Vh.png,0
Ect2jDXp.png,0
0hFEBOXm.png,1
c5VUxoZw.png,1
gJnZQokS.png,0
jxPLQYtz.png,2
iQYc3MEy.png,2
J92uwUZn.png,2
OAW5QI1D.png,2
s8wLVpUS.png,0
VTUm2oEh.png,2
WMHuKaTv.png,0
mNMat6vZ.png,1
RONEyFCf.png,2
PdS4HcmE.png,1
pS28QBCf.png,0
qIOg4xGU.png,2
TZrqjeOE.png,2
8ChAQdaB.png,0
cJuY0EtR.png,1
La712iyO.png,0
bioV2Zaz.png,0
nUC7D9hd.png,0
OPKxN1Vw.png,2
YIUQw3gR.png,2
aqGhtXne.png,2
9ZgkKYTE.png,0
ILAdhYKU.png,2
DRKCufNF.png,2
C0VRTNlu.png,2
bFJX93lY.png,2
VZDaIzjF.png,0
rm7sxIC9.png,2
KWgU3Hzp.png,0
9evf8WAD.png,0
HTGl5Fq4.png,2
zW6T5BEs.png,2
H0a1tjNO.png,0
4gziZ05m.png,2
rv87c4oT.png,1
DjiAgbEX.png,0
PVRrYTLq.png,2
A4zyxdST.png,1
Tu1MnjiH.png,1
SLnIY9w2.png,2
TfxDhWcv.png,0
IMVYFtGl.png,0
4TRu8GQo.png,0
OMfpH9zR.png,2
W2JKimtX.png,1
ceQqWDn1.png,2
Qsz7kH4o.png,2
eUzaiO5Q.png,2
1EyIXmSF.png,0
DpljIvGu.png,0
g5Fp0IGr.png,0
7gyH1aGA.png,0
lcRGeo9W.png,1
TsHvY3ug.png,0
IWaYuHoz.png,2
CWLwXeS0.png,1
9iN1hC3w.png,1
etb9h3A8.png,0
HEje1PhZ.png,2
XpEQz2ok.png,2
a7dXuL9c.png,2
p3rbxZig.png,1
TgfAR4Vh.png,2
svSlcVxY.png,2
41zHABdG.png,0
hWur0Yz7.png,2
sMeTg3YU.png,0
IHUWJxKo.png,0
eliGCpSc.png,1
Va7BjDfK.png,2
AXYZnaIB.png,2
tVNRjqGQ.png,2
a9LQbl51.png,0
jeyIio4d.png,1
OnfAjxCU.png,0
KPHAcbeS.png,2
2HcimsTS.png,0
WFhRT3Dw.png,0
SFAXDWUV.png,2
W0oUyXh6.png,2
7sZXBvr2.png,0
BmNRUCYi.png,1
Kx7XM6er.png,0
uO5gAHJC.png,2
cMO2dQSD.png,0
xa2esJzH.png,1
HMD4z75X.png,0
zYpUqV0R.png,1
RYuthHvi.png,1
8JLaoPQ2.png,0
BfFQCbS2.png,2
CIl1jwVi.png,0
iV8jQaK0.png,2
0QLW5eNS.png,0
rwaDAho6.png,1
xKrGYEUv.png,0
s3kZ21Kf.png,1
5oPqTpa9.png,0
eK1OJlqU.png,1
WEcXV2uR.png,1
b7Pjk51J.png,2
6tGEikFP.png,2
sOWPIiU1.png,1
62vCqzIQ.png,2
sFnYyr0N.png,2
d0tmaOAr.png,1
fjrXsF3n.png,0
mhNUkO85.png,1
aPgdEwO8.png,0
qDevIRlf.png,0
7eVpZ8vk.png,2
E6WR97NH.png,2
THQBfIdN.png,2
XMtefKpI.png,2
uEKip8Be.png,0
imlAk7w6.png,0
5NUlMG8E.png,0
nIfrEcXi.png,2
NnykC8To.png,0
DpAsTUQ8.png,2
egzU2ZIy.png,2
shBRlPwc.png,0
l6p4RzCM.png,0
FUifSs4Q.png,1
VvAxzl4N.png,2
PcwWUtnX.png,0
4q8SBJxa.png,0
2mNnOdgw.png,0
URaEd8z4.png,2
RU20WYGV.png,2
XrTS7GIE.png,0
gQbj2uhm.png,1
RPK8eiC1.png,2
6ETVequR.png,0
wG3YPyjJ.png,1
bINZUgrc.png,0
vNJVB1mh.png,2
0659eHoR.png,1
fsa3AoT7.png,2
4KXEfCpO.png,2
wEjZWlnm.png,2
903jRkDV.png,2
dgrtCQvF.png,0
5P1Vl2jI.png,1
tzcG3vsn.png,0
3saYmoHC.png,2
kzGcm7P3.png,1
dcfrbyP1.png,2
S1NyWuFh.png,0
6U4qWX2B.png,2
YduaMJj0.png,0
2vt0nKHj.png,0
JD1cMFnN.png,0
Nu8Ch6BY.png,2
TFRO9wHZ.png,0
shPHRLGp.png,2
hNs5yMcX.png,2
HXgR0tz8.png,2
B46zJaOv.png,2
0pE84YZl.png,0
ltzX6rUO.png,0
0g8Skvu2.png,2
3f1CDRNk.png,0
9uiUOgMf.png,2
jRVaHFeN.png,2
vSPRdi9j.png,0
YMWPBhDZ.png,2
fR9XEwIK.png,2
DFcklCPS.png,2
HnrC8KjN.png,2
i8MnLKmz.png,0
KYwnVPL7.png,0
vZV7Ot9L.png,0
UxXGJpQe.png,2
u3tVn186.png,0
YAPeMkb0.png,0
mpfjCgOv.png,2
AFo7Vidg.png,2
gBl8PqtR.png,0
wTuc10SP.png,0
6a912tXf.png,1
3iOBGoMd.png,0
yiPx0SLQ.png,2
OopjbugJ.png,2
qe4pEwaS.png,0
uAT0JZbH.png,2
YP9m5ilw.png,1
HJwTbXYg.png,0
NnfW2Umr.png,0
uro7H1OR.png,2
ocyl315u.png,2
1Qsk2Hve.png,0
vrcgPkmt.png,0
UNVrs6cE.png,1
fdjFaxE7.png,2
xPKLUvCV.png,2
B7ONTeHx.png,2
yTb58CuB.png,1
RY29KoZU.png,1
2hfPNit7.png,0
WwNX2HjQ.png,0
vKIxEM2u.png,1
lBsNWrLM.png,0
EcXLid7B.png,2
abLe1qUk.png,0
yGq5slDF.png,0
KysnMI0c.png,0
5SQbY7eT.png,2
HES8hGmy.png,2
OEPiF5mX.png,1
UCywMQxf.png,1
RcUAS3kH.png,2
L8QsIl3r.png,1
MD48wg1e.png,1
gqCFHAXo.png,1
aUhLe0d9.png,0
BOd1qeTG.png,2
qtalk5BL.png,1
jJxRydZl.png,1
RfDjwINK.png,0
UgNHT9C7.png,2
bqQLchVX.png,1
Hqt8nZBk.png,0
UVeH3sN9.png,1
t6SyJGbm.png,2
CrkH3fw2.png,2
ezGDLI0l.png,1
HhDIYlns.png,2
p4eEGCHY.png,0
JL2TStbx.png,0
lg5v4c0A.png,2
oQvy6w30.png,1
ZlUsx87W.png,1
eWV1ZLqX.png,0
mfX50kW2.png,2
0j58IEQp.png,0
aFKxOcuj.png,1
0PXSfk5b.png,1
1lqwaseW.png,0
6V3s8DKl.png,2
wtFi8T2Y.png,2
N0brQ9UZ.png,2
8da2I5QF.png,2
EVzh0Nif.png,0
EDbwJfB4.png,2
zGZfsCVu.png,1
POuz9NXR.png,2
VkECuZBx.png,1
GVRbWftw.png,2
gelhC45z.png,1
Njs0ybCZ.png,0
IE1OpagL.png,2
VYRGfaZb.png,2
FPX0CcYO.png,1
C4ZdfHem.png,2
fpBR1ram.png,1
Zlb2hMuT.png,0
Ji8wOf5E.png,0
DriTK8PS.png,1
tILB5OKo.png,2
26MgmxBJ.png,0
BryRdQVW.png,0
teG1gMvo.png,2
QPJrWpH9.png,2
BiqMZfQj.png,0
FRdwfkvy.png,2
N0Yp2ZLS.png,2
MeR14fzQ.png,2
PCbz0TE1.png,2
UEGZWOd2.png,0
tb0WoQyF.png,1
SkBZ7Qyn.png,2
itRz9YLH.png,0
zP4ohpF5.png,1
pXVH4YJK.png,0
oa8O4jr9.png,2
fp5z42sY.png,0
kmDA9dpx.png,0
d6HcZKnE.png,2
BlH2DOhg.png,2
YUPJAg2R.png,1
qad0xBkA.png,2
mtiWPgw8.png,1
Ou2mUXfW.png,2
ZCWGN0q2.png,2
oGTg50CP.png,1
VmogzSej.png,1
RZynp0td.png,2
Wqmk0Cbz.png,2
mWqnKRjJ.png,0
pQ6I03Un.png,2
NOLigldK.png,2
GcHzNpuY.png,0
TapibnkP.png,0
thPSC7ET.png,2
IWvR0xYQ.png,2
DCvH4Xxi.png,1
8N9Ge7j2.png,1
DoibcGlB.png,1
PqczK6DS.png,2
nw5W4ONF.png,2
yYwomLN1.png,2
KThx1AsL.png,2
skbNclYS.png,2
TELhsOKi.png,2
zpcwUFhE.png,2
kmfRT17Z.png,2
TBnUJuAe.png,2
KRH62TXW.png,2
9xj6dGZa.png,0
L6wyH4Ae.png,0
JliBHLqV.png,2
XSlnaodg.png,2
ue9n784y.png,2
jYVkO6yA.png,1
XCej1BkE.png,2
crXL8T9j.png,2
YzNZgp7b.png,2
01jKDwRi.png,1
zorBY4Pi.png,0
ulhLnFsc.png,0
h3HmW7Ev.png,1
ZLip7wx5.png,2
HotFu3zw.png,2
VwaGOD0t.png,1
I5oUyJv8.png,2
qaX0QV25.png,2
mgjsflGT.png,0
Gp6fr0vu.png,1
UPSGBwt3.png,0
D4zpZ2UP.png,0
vibTWJ8k.png,0
hSk6KHRr.png,2
i8tbBf0q.png,2
Z8dcw0Mp.png,2
N1BiaEF5.png,1
rXpQFc8P.png,0
wmuCOinh.png,2
Gpxv4Uzd.png,2
ciPeqVZN.png,1
VSBAM1nj.png,2
Rzl6cuKd.png,0
QimahKVY.png,1
W2SIN0Cw.png,0
wXsab1Ec.png,0
bP9Ny5fp.png,0
WRFqay8z.png,2
E1knu36F.png,1
wRpMJNaD.png,1
d6q8pDwn.png,2
yIdn5jB4.png,1
RQoF7dSz.png,1
gOfJhAen.png,2
IXpdjZRS.png,1
krfoDBWL.png,1
FZjTSyPm.png,2
XPRB4KVf.png,0
eJTD2KLc.png,2
Ku07cJIk.png,2
q2epbHoC.png,2
pXZ8yF07.png,2
F56RuZIS.png,2
4sdlUu3y.png,1
f4HSRIwT.png,2
htnq1Qpi.png,1
veMjraqU.png,1
C942ycEu.png,2
DY59iX7R.png,0
7dgvcAZ3.png,1
6ajmH0dg.png,0
JyIndHos.png,2
9krG2uPt.png,0
0aGT6gN7.png,2
8xiEntH5.png,0
XODI9xzl.png,0
ndVFT4Eo.png,0
hYIjD3pA.png,2
yZsAINRd.png,2
JiQdSFLC.png,2
KI3UhEwk.png,2
7w5C2sKG.png,0
S1ba4Mf3.png,0
vFGXLuPc.png,2
oTHq3vyn.png,2
QUYeiZPt.png,2
ISqLTpo5.png,1
QvptyNnC.png,0
reFiJKWD.png,2
1YjHu3zl.png,2
IhfeQ275.png,2
JwApNcXM.png,1
XV62cEom.png,2
0Pv95Aad.png,0
pdNzQE8R.png,2
gWmXJMR0.png,0
UCOfd5yz.png,2
EvpT6t9d.png,2
2VQo3H65.png,0
T0QiIwzV.png,1
epI8vgxt.png,2
fBlPZjta.png,2
oAM8bCHf.png,2
KJ5RgLts.png,1
SdZD25H7.png,0
YDWTxVgO.png,2
lHfhc2MS.png,2
oRBV2Ugs.png,2
wFX8HVCB.png,0
9t71gmCw.png,0
gimZWc2w.png,0
d7w5NH4L.png,2
CUO6fLBc.png,2
3jPDokvZ.png,2
WeGstphk.png,1
ZPfFY1yO.png,2
10RBjVxC.png,0
9FMR1Uhk.png,2
pwOH4Eto.png,0
t5PB0K8a.png,2
7AGSXIPr.png,1
hHIn7TQO.png,2
3Ru86WHj.png,2
Psj0ok9R.png,2
9xLRyv7u.png,0
Dmr8EU1u.png,1
bIg9TxiQ.png,1
8I6cNiF7.png,0
HTgtvcI9.png,2
r0voA9RB.png,1
V4dF3tyE.png,2
uUk8eyVW.png,2
juDyosNW.png,2
sZT8xaGw.png,1
1jlZqKDY.png,1
0ij86vKa.png,2
hnVDrL6N.png,2
RjzX4k86.png,0
1e78zE9s.png,2
9OUHrlge.png,1
rkbuKp1F.png,2
vbTIPtyf.png,2
vLdoABhQ.png,1
79yxBjUf.png,2
956yAIYx.png,1
uxqJo50K.png,0
tXAe7Oar.png,2
kLfq4MBZ.png,2
UvfJZe3d.png,2
LdYy94Tz.png,2
wBNP50XS.png,0
SFoZqKRu.png,0
RrEetkmI.png,2
TspIcGlt.png,2
IghVafm5.png,2
wF18VRlm.png,1
UsI647Kf.png,0
n7xLUHBD.png,0
7KOgzpDv.png,2
LGRm4Wru.png,0
8IbASvFw.png,0
0DqBXloK.png,2
vUzCoe7F.png,2
a92mAxWs.png,2
HSdC8VRD.png,0
Zqs7dyQS.png,2
GHVpwT2v.png,1
Y35J90jO.png,1
vGxWMZaz.png,1
ivspdRAz.png,1
1qFRnImB.png,2
yiNTm1MJ.png,0
65uSlXNb.png,2
4IMYQETX.png,0
uo2RWbDv.png,0
GRH8O4fy.png,0
xJzeOAj4.png,2
5TEcu4l8.png,2
8lS3q19B.png,0
uxkZsNlW.png,2
f6JAI1HN.png,0
TDJz1Pel.png,2
mCp90fzM.png,1
keupnjhb.png,0
rKITBEkm.png,2
50fYt7vX.png,0
xQg3YnGw.png,1
NS8wPYXJ.png,0
mJiNRgG6.png,2
1X7Hqach.png,1
ls2EpFxm.png,1
xfiR7UnY.png,1
gUWM0u4f.png,0
aMtW8lBk.png,2
dKzkYs1p.png,1
nVulQxRB.png,1
mBaydeDo.png,1
FmcSt3NY.png,2
sTg5rwmA.png,2
uldnBsCK.png,2
WJqNvrTF.png,0
CfPTRl6j.png,0
UXVTx1AJ.png,2
TjAqXRle.png,0
PJY6mb4W.png,2
kbMNEID7.png,2
Du3pnIYq.png,1
9jX4cWoT.png,0
a8vuOznZ.png,2
LAEKtfdh.png,0
UPOHL7Wf.png,0
0qQwIX2v.png,2
AQzO35Yu.png,2
NT0Obz2f.png,2
AiXYzlm3.png,2
QBw9ZkCF.png,1
KOoXUEw1.png,1
MrAxvgDj.png,2
YgJQpdNE.png,0
axUgdlIA.png,0
JycS9FZA.png,2
ngFR0QWj.png,2
nGOBwfPm.png,2
ADU9XFtn.png,2
WyYFijLE.png,1
UbCEAVKB.png,0
AHUb0C3B.png,2
YOaByuov.png,1
Wrqj1ftl.png,0
X93htFx8.png,2
ZkqUVYF0.png,1
YNLCnReT.png,2
pY5sI0TJ.png,1
HkasmJyu.png,0
R7DGFXS4.png,2
8kOiECJG.png,1
AqvU8Jhp.png,2
j4o1vUmg.png,1
n8rN7wmx.png,2
A3nvU8hm.png,2
bTru6yU3.png,1
sPcC8UO2.png,1
L3zYyWQm.png,0
usbeoipZ.png,2
Bxzc8lIM.png,1
sGR8KJDr.png,2
EDWbKjU4.png,1
u60lmWIr.png,2
Nmb2Oaon.png,2
43Ada6XI.png,2
i1IFwqz2.png,1
GfIraxmb.png,2
tpSzglWY.png,2
LTpzUVG8.png,0
xfbqeagI.png,0
b2fYFxKH.png,0
i3fcZd5x.png,2
gkQTAp9J.png,0
oKlWe9Um.png,2
h7gM21nO.png,2
h9oru3MX.png,2
DfVx80Gb.png,0
MdxFNYkw.png,2
TSLrl7cG.png,0
5nbJNz9D.png,0
RCIiMxgr.png,2
UhVYPNtA.png,1
kpgb4GFj.png,1
k25EovrX.png,2
xgJyIsQl.png,0
IPvmO32Q.png,1
e1NW9FwM.png,2
ynI9rq7g.png,1
JKLba13M.png,2
0rKDHimx.png,2
rlBNISgf.png,2
7Mz6dNux.png,1
yoafnV4Z.png,2
3YmxZjnX.png,1
sB1uKQM5.png,1
B3NqExsX.png,0
s3or2R84.png,0
Xgn7xQCq.png,2
zXw57Oux.png,0
xM3fEWOQ.png,2
fFxKkH7W.png,1
UznFqwMa.png,1
lfaDQM59.png,2
k1tMO3en.png,2
FqHSALP0.png,0
usBvoUKb.png,0
jcUqmIla.png,1
b9xT0I4P.png,0
XhA0QDSU.png,2
S3a0ngkA.png,0
rRLdcDHk.png,1
t3CKxi47.png,2
3ldAIhQW.png,0
8WDRvf7z.png,2
4guqcrI3.png,0
SAlYmMVf.png,2
Y2nSXZyM.png,2
IMZTixnl.png,2
6IBudGjl.png,2
14dnUK0c.png,2
q7EoMN3c.png,2
z4lAiRj2.png,2
t0gNomda.png,2
0lw2L5mO.png,0
3bOzRY7r.png,0
JeXn8ua3.png,1
3ZRzQ84A.png,0
jsWDc5b0.png,0
sQA4Ofh6.png,2
4JuyGUbq.png,0
4XcwlF60.png,0
kbdRzHVX.png,2
qHSxjhul.png,1
tBOIKgW4.png,2
dYt0scC7.png,1
P6uR1LdS.png,1
3YfkE4A7.png,2
NlViypK5.png,2
Uaj9ABYG.png,2
JEVQ8ar4.png,2
IN3YRPhC.png,2
QlGOuSkY.png,2
GrREDuMn.png,1
5oZxLXhm.png,1
cB5tQzTv.png,2
UvG4jsc5.png,0
MKAm8k7c.png,1
gNrl02ok.png,1
uJCklp01.png,0
gRawJY7Z.png,1
5AbFELl0.png,1
w15QJoS7.png,1
0ucY4bA9.png,0
ihWOZV3H.png,2
SterHJuC.png,2
qYyh1Rn4.png,2
ZYivTRdV.png,2
HAs5PqT3.png,1
LlV5ADSc.png,2
rKWjaHUB.png,2
j9DBF1VA.png,2
MmKEj5ci.png,2
90QGVRnX.png,2
vPdLTfKw.png,2
E2a7I0jr.png,0
I1mNB8L2.png,1
C4GzqnA6.png,2
MORjxPbB.png,0
mCMHKODQ.png,2
91YXyaL5.png,1
oWkh96Ct.png,2
IXG0gDqJ.png,2
ZTzQvOFf.png,0
RndPKBVD.png,2
yiTotYbN.png,0
qQ1TxzY0.png,2
PWhQANIn.png,2
kHZv582j.png,2
8QX6mriq.png,0
cP7t2Oae.png,0
ta5JKjBR.png,2
xous0azJ.png,2
i8514F7E.png,0
Dbt1dTeg.png,2
gwxeND0L.png,2
POGJtYhd.png,2
jRCbWz20.png,1
RoYzfglq.png,2
C6b7qIRa.png,1
NXYgH2Z4.png,2
wumtJlSd.png,2
IYvm8OpR.png,2
d5i26pFK.png,0
XMQvpeCU.png,2
GCw3X2zS.png,2
pO8EWuhC.png,2
NEikQb1X.png,0
S6CgZ9nt.png,2
VuGBohJs.png,1
XpfxuH8E.png,0
xdMCrw18.png,2
Mud2jmVC.png,0
kv6utZ9D.png,2
JoAN32Og.png,1
Pl7R3wmd.png,2
FO4sv5Ri.png,0
ki59xIlD.png,2
kzlt4AbW.png,2
7i1P3cko.png,1
SIuP9Uso.png,0
FjX4JmIt.png,2
nAShfHix.png,1
LQeuYdKJ.png,2
VR06DZ3W.png,1
uci2SKVD.png,0
6wbXUiAT.png,2
RozmuO7M.png,2
ORNrxkEb.png,2
cj2wf7Dd.png,1
IpAYJizG.png,2
5e3uz0iV.png,0
HhkzGBl1.png,0
0Q2nMioz.png,1
8fx39NsF.png,0
FbgWdiJh.png,2
Jp4dDl8N.png,2
GM4rZi7U.png,2
xFJBan1H.png,0
Ygbp6ciF.png,1
JSBpiNvu.png,0
JjFHEebI.png,2
cPdhxM6j.png,0
Hp861VoP.png,2
1fmV7kJZ.png,2
0JozGHh2.png,0
MkGJ356m.png,0
RxI8EQmF.png,1
awSz4Ydt.png,2
BshmPQX6.png,0
1d2Ehtyp.png,0
siKJLYU9.png,2
ht7ECVxT.png,0
rY6wWs01.png,2
4k6c1I0s.png,2
tZkyDvR2.png,0
8NZ4Bquh.png,2
3t6WzqbR.png,0
45cgovQm.png,1
rK6yCDJ4.png,0
14g3r9hP.png,0
T2CXtjiQ.png,2
zJmOlYt5.png,0
qF0uwSWH.png,1
Hm690nQc.png,2
4neaTc6x.png,2
xd81A9YD.png,1
nMKFc7VZ.png,0
yUh7Xnm6.png,2
WTDtje4U.png,0
lDOueF1t.png,2
7YzlTXPG.png,2
VBCicGJm.png,2
dZFAJc1t.png,1
UCVnW4MP.png,0
dRJwoFgI.png,2
PGHgkIAF.png,0
Hr4Efgw6.png,2
RJxg0XPt.png,2
7ISj1AcO.png,2
PUTbS8Rr.png,2
5pl2Keis.png,0
fDcKUq0H.png,0
i6TbJ0CU.png,2
uY07rJ5U.png,1
fcNbYiUJ.png,2
VFbuwI7i.png,0
jd7Z5q3X.png,2
Xhag4Mpn.png,2
N6EMjFbi.png,2
uj8MAwEp.png,0
xbSCNUk0.png,2
zADRqEvV.png,2
mVenvyQC.png,1
zrK8Y3Qo.png,1
SoXEnlOy.png,2
BQYE8yvp.png,2
QEazmodv.png,2
tEj7n5dV.png,2
E59FGPyo.png,2
RZTGF9lr.png,0
gGBsCOk8.png,2
mROaLhFy.png,2
8JyRDPol.png,0
MLpojRgw.png,1
XcTv10ox.png,2
lRiKkhCF.png,2
p2ytmw7J.png,2
8Rg5anb6.png,0
aoy4MhTD.png,0
l7uA9LUy.png,2
Q8EpSgKY.png,2
F0zUAepf.png,2
j607aCiD.png,2
3XoBJ7sU.png,2
fqznIYHB.png,1
eh3msrqU.png,0
KUAzlH09.png,0
Wk65Mhwn.png,0
IZyA1NuR.png,1
KgdolEUW.png,2
xmNnR8Ei.png,1
lhRZbjY6.png,2
iJp3rI54.png,2
w5pJef0k.png,0
WMi5uhIL.png,0
iD56wIEk.png,2
IlABnumi.png,2
gSKyRtYP.png,2
Y9mTB2R0.png,1
d1cTbjgs.png,2
9aOvA4Qq.png,2
ymdQXhZr.png,2
QYhJ8DXe.png,2
O2PvjJED.png,2
NlFwE9fL.png,1
xRkwMgWJ.png,0
xZksw92b.png,0
8lPkqOj5.png,1
gZKI2Qta.png,2
KqIJ4xkZ.png,2
K7gnDvNL.png,1
SOaUDPNV.png,2
HIUWJiAZ.png,0
Hbzv5cjT.png,0
Xp7cw9dW.png,0
W4rsu1bA.png,1
4oA8m9fI.png,1
azYhHcnJ.png,2
Mh9sfpc4.png,0
UFLt8Y0y.png,2
knhvYdKV.png,2
dIawYzyQ.png,2
H1P7KcxA.png,0
j0hvOcLm.png,1
HpWyTfB2.png,0
KX4zxL3T.png,2
3k0JcMZQ.png,1
NLVdqI0G.png,2
B7AiOt9T.png,2
j7gR4Q9m.png,1
BMy1dOqX.png,0
KpZVEkFG.png,2
5EbBt4Hd.png,1
NE4jCBen.png,2
kcUxCjYF.png,1
AE296V83.png,0
lvPWZMiS.png,0
6plXMxTh.png,1
KSfzDPrV.png,0
GDRpTz6E.png,1
K3OqhUR2.png,0
IzL3E12S.png,1
4ThaNQtB.png,0
EqRlHtDd.png,2
wQm31EyB.png,0
RzlhVQxp.png,0
hz7r5YdP.png,1
upS98WtK.png,0
2X3Bl1ZQ.png,0
WBPnruDg.png,2
GncMT603.png,2
zMHPGAts.png,0
NCJ6oR4p.png,2
hJtj8oUw.png,2
Gqb4FDYf.png,2
4tdG0YDO.png,2
4qtP87VR.png,2
WbISKYTs.png,0
kKF0rVSW.png,1
qlF2pUZT.png,2
a1h37Jdt.png,0
pLECja70.png,0
4ZBzcsLb.png,2
L6Msgi0G.png,2
K2xAtzhy.png,1
DIZ1NWqi.png,0
1M4xswXu.png,2
3U1XfCYy.png,2
5wsmGFSg.png,2
4SfGDgYb.png,2
OQLmUA30.png,0
1DP5FKyS.png,2
P7vDwA9b.png,1
0CL1XkY5.png,0
4k2grELs.png,0
JgsFtnqI.png,1
KycqPOMI.png,1
wjozybs0.png,1
rjcvXFJ0.png,0
6iLDyd3V.png,2
vHinj7Wg.png,1
evU7QXGJ.png,0
TCGaY5xy.png,2
hIcZKTmf.png,2
y8LQgBuG.png,2
qzDURraj.png,2
fyv6k3uR.png,1
oBvJ8Seg.png,0
sk8oj4wi.png,0
zHnjV3RW.png,0
70dwiDyO.png,0
IYiosEVx.png,2
DdoyknRO.png,1
0FE4nOMu.png,1
J9Fk8YtV.png,2
GTKNuAIQ.png,1
Stoj5TYb.png,1
HEliKJn2.png,0
uQRL2tak.png,0
FmcgxeE8.png,2
aBQMWHy6.png,2
PsXQ9pHV.png,2
XMJKR5yq.png,0
AdPW3GI4.png,1
XHnUVy9h.png,0
0V6xD1gh.png,0
nKiRaTMu.png,2
8zc6emCg.png,0
YzjyvwKA.png,2
hTsgcXRZ.png,1
No064S5K.png,2
EzIUcuj2.png,0
FQKU45W2.png,0
TLjaEUH5.png,1
EwtpNXU5.png,1
ig6PyEwO.png,2
UhaV3bsn.png,1
fsA6wrkg.png,2
tX3yQrGg.png,2
mI0XF2TN.png,0
98cwaZjP.png,0
1C6pSFzB.png,2
46wbUMEs.png,1
WOl6d42B.png,2
XQftYHlW.png,2
i0lup4YM.png,1
jyhEuFbi.png,2
Jn7vQj2c.png,0
dwKxy2JE.png,2
CEUGhXtk.png,1
UbhRtrFL.png,1
f3tU12q8.png,1
zKfpHkgx.png,2
knPNmYCD.png,2
7pz3DQcH.png,2
jeIAEMBF.png,1
59qskcOU.png,0
oNfkBVrq.png,0
TX41KSmc.png,2
OTxsX18i.png,0
kxQKaTOC.png,2
ctL9p0BJ.png,2
Bmxr1pIe.png,2
XgmLGA0i.png,2
34FKa1Gf.png,0
pSx74TdO.png,2
hJPXpfqc.png,0
WD4F6SKM.png,2
xEWh45cy.png,0
8PYOp20U.png,1
pmayGkch.png,0
Zb2WVvCl.png,1
NV3amjol.png,2
ND7236Yq.png,0
eRnV0Xgk.png,2
qlO7fYLx.png,2
b1hzfHgm.png,0
y2I3OepG.png,0
6p0SkigV.png,2
K3aw1XcD.png,0
m75FC6qb.png,0
zi84JMmQ.png,1
kVZjWzPm.png,1
sEf7L6KH.png,2
E8Q9UKV5.png,2
gkwsHriI.png,0
D964iBfJ.png,2
ec3VMokB.png,1
37YtO9Fs.png,1
be8FE7t3.png,1
9Fc8ZDYS.png,0
QFDy1dSm.png,1
iUMpzoJ2.png,0
oERrfnqy.png,0
QzaHwO2m.png,0
Kv3mQWuO.png,1
Ix85QfB1.png,1
TeP86YHb.png,2
frSuNKHV.png,2
TLjnY12Z.png,0
thZIWNn6.png,0
rt9xEzIi.png,2
eVCZJYXT.png,2
OtrklV9T.png,0
rDm6LGnZ.png,2
n2WROht7.png,1
YEbSsQ6t.png,2
qRlZ8OFB.png,0
JY3H9C2T.png,0
yASd842x.png,1
9sVKyDSf.png,2
9voKsd3j.png,0
ShbeIPE4.png,1
XFUNCw52.png,0
RdXrHc71.png,2
1uc3DGFC.png,1
KqOrYDS3.png,0
fN5ky1hT.png,2
QJ2CVevk.png,0
Ayim84oQ.png,0
ghevcFwa.png,2
xmZ0cs7p.png,1
Mk2rN7n4.png,2
0onbJjTW.png,0
hsBp5TLE.png,1
ebD4wJFG.png,2
1x8hL45r.png,2
7BZNvSaM.png,0
xcyFNm31.png,1
TFobDKu7.png,2
M7Va8QHD.png,2
bXGgMH5x.png,2
bXZ9zgMx.png,1
s18VSPwt.png,0
oZhA38c5.png,0
TJY6cjMZ.png,2
sDPYGvES.png,1
ElYnsLTI.png,0
Feu3HfIb.png,0
cMmwtvho.png,1
6DUIqwdJ.png,1
RKETZGhm.png,1
jr2kV5hN.png,2
YeE7D1JT.png,2
DklCXZFv.png,2
SME18jqF.png,1
7PSmJM0o.png,2
r7ZmOj6C.png,1
9ydlOWDz.png,1
ieWkJbGg.png,2
ZgQNldA8.png,2
bslaPYjF.png,2
Z1Xz4rWJ.png,0
