image_name,label
6tjqTU40.png,2
YQ6ZnSa9.png,0
2VQo3H65.png,0
CfPTRl6j.png,0
fjrXsF3n.png,0
7BZNvSaM.png,0
62nJed4c.png,2
falmq1rX.png,1
CEUGhXtk.png,1
f93Aapmi.png,1
MrAxvgDj.png,2
TLjnY12Z.png,0
PWhQANIn.png,2
LQjdkzGi.png,2
S3a0ngkA.png,0
7ISj1AcO.png,2
jr2kV5hN.png,2
WPIZ9b6L.png,1
7i1P3cko.png,1
8Dsw9gkG.png,2
xRkwMgWJ.png,0
b9xT0I4P.png,0
1jfoIbJN.png,2
NS8wPYXJ.png,0
sC4GFu9d.png,2
s8wLVpUS.png,0
rHZuS9Yn.png,2
4guqcrI3.png,0
02jv7G1P.png,0
kHZv582j.png,2
YqcPejFT.png,0
qF0uwSWH.png,1
SFoZqKRu.png,0
fgh3VTb9.png,0
SkozMUWV.png,2
ZPfFY1yO.png,2
P9ZIHuYB.png,1
shPHRLGp.png,2
apAvYs0i.png,2
B6n3CYi9.png,2
B3OFi1A6.png,0
sBUqtcoh.png,1
pWVoURSf.png,1
RozmuO7M.png,2
mROaLhFy.png,2
jkm6Swxr.png,2
sB1uKQM5.png,1
dn8egJ9i.png,1
XgmLGA0i.png,2
TFRO9wHZ.png,0
cEZAPIDw.png,2
EpP1TMa0.png,1
RKETZGhm.png,1
dImC7tBN.png,2
k25EovrX.png,2
RJxg0XPt.png,2
sTg5rwmA.png,2
i8tbBf0q.png,2
LQKdnez4.png,0
u60lmWIr.png,2
WbISKYTs.png,0
65cQfRu2.png,2
4HCFm8zu.png,2
FbAW0JvU.png,2
VFbuwI7i.png,0
fyDvjhKk.png,0
6wER0mYu.png,2
uEKip8Be.png,0
NCJ6oR4p.png,2
6OKCvnyi.png,2
mhGLOJbI.png,0
8SL7FGW2.png,2
N6EMjFbi.png,2
AXYZnaIB.png,2
YP9m5ilw.png,1
8gv9Yy4d.png,1
gJaV3lt6.png,2
ds1SZpGx.png,2
xKOToDvl.png,2
jxPLQYtz.png,2
UR5lTZJM.png,1
sqFuGPrg.png,2
mfX50kW2.png,2
JEVQ8ar4.png,2
7H2YkAwn.png,1
8JO4kDZr.png,2
C0VRTNlu.png,2
HEje1PhZ.png,2
JSBpiNvu.png,0
jeIAEMBF.png,1
POuz9NXR.png,2
xliO91KI.png,2
eK1OJlqU.png,1
ScPFLYya.png,1
ljrexiF1.png,0
JL2TStbx.png,0
yzZbcjvr.png,0
zYpUqV0R.png,1
U1VqLkf8.png,0
Gqb4FDYf.png,2
7r0IvNph.png,1
m9IeZuXN.png,1
6V3s8DKl.png,2
RoYzfglq.png,2
WqvLBJfC.png,1
6tGEikFP.png,2
WBPnruDg.png,2
n9eOr2Vh.png,0
mBaydeDo.png,1
1fa3wZcl.png,2
4IBd8XDG.png,0
cRFOTk4P.png,0
IghVafm5.png,2
wES1CV0b.png,2
atjc7Ayd.png,0
2vt0nKHj.png,0
DOJ658Vq.png,0
wngtyo4l.png,1
hJtj8oUw.png,2
oIc7adlL.png,2
ZgQNldA8.png,2
iMcaFIuG.png,2
Fd3sCrIz.png,0
C6b7qIRa.png,1
YMWPBhDZ.png,2
kzGcm7P3.png,1
Hswjyniu.png,2
Stoj5TYb.png,1
wXsab1Ec.png,0
UhaV3bsn.png,1
JeXn8ua3.png,1
q2epbHoC.png,2
y5OmhadC.png,0
Gpxv4Uzd.png,2
dPu4TRIb.png,0
S8tKkAlL.png,2
AiXYzlm3.png,2
UsI647Kf.png,0
hye5v2TY.png,0
wRpMJNaD.png,1
O3HCPuhs.png,2
ZYpiwl5N.png,1
8zc6emCg.png,0
Z1Xz4rWJ.png,0
i805esHc.png,2
0rKDHimx.png,2
8NZ4Bquh.png,2
zL4YkwJF.png,1
8cvyfrVM.png,2
GncMT603.png,2
oTHq3vyn.png,2
98cwaZjP.png,0
OEPiF5mX.png,1
nGOBwfPm.png,2
Q9N8Vy1z.png,2
01jKDwRi.png,1
OBv0sUWg.png,1
8hfSgUOk.png,2
7ETIZxqm.png,2
mVenvyQC.png,1
UCVnW4MP.png,0
HEliKJn2.png,0
7AGSXIPr.png,1
FZjTSyPm.png,2
dZFAJc1t.png,1
YzNZgp7b.png,2
wUIjTGC7.png,2
svSlcVxY.png,2
7MbsCE4L.png,1
Qm3nyDvC.png,1
M7Va8QHD.png,2
XI5H4VdL.png,0
47yQrVip.png,2
eh3msrqU.png,0
jYVkO6yA.png,1
DpljIvGu.png,0
f3tU12q8.png,1
