SIuP9Uso.png,0
CHFY2pWZ.png,2
T3CPJD2n.png,2
pLECja70.png,0
pdNzQE8R.png,2
Xp7cw9dW.png,0
Lqc3QtsD.png,1
vSPRdi9j.png,0
B091w4et.png,2
zADRqEvV.png,2
6wbXUiAT.png,2
jBzkxuw6.png,1
3saYmoHC.png,2
6U4qWX2B.png,2
eRnV0Xgk.png,2
mCMHKODQ.png,2
TsjeNvFu.png,2
ocnT1rfZ.png,1
I3ZlrCLU.png,1
1KVQUFNa.png,0
JiltRxLs.png,0
SLnIY9w2.png,2
4gziZ05m.png,2
V6Na3lxY.png,2
PZ57M4mf.png,0
KXmrkGNW.png,2
5TEcu4l8.png,2
KqOrYDS3.png,0
uci2SKVD.png,0
IMVYFtGl.png,0
QEazmodv.png,2
0DqBXloK.png,2
sqDwr1jc.png,1
dwKxy2JE.png,2
kmfRT17Z.png,2
QVtE1OaB.png,0
TX41KSmc.png,2
f6lhPGHJ.png,2
RrEetkmI.png,2
T0QiIwzV.png,1
i0lup4YM.png,1
YCowbEiV.png,0
wJlRcXnk.png,0
hsBp5TLE.png,1
1DP5FKyS.png,2
D8pNmqvI.png,2
BmNRUCYi.png,1
DRKCufNF.png,2
TnL7jmPB.png,0
GAyplCoE.png,2
VhFdbxSX.png,2
KRH62TXW.png,2
YnOgHhJN.png,1
n2WROht7.png,1
DEnfR4kI.png,0
keupnjhb.png,0
1JA5iPZF.png,0
8PitzNnO.png,0
A3nvU8hm.png,2
hNs5yMcX.png,2
rK6yCDJ4.png,0
E2a7I0jr.png,0
tX3yQrGg.png,2
JD1cMFnN.png,0
dcfrbyP1.png,2
zJmOlYt5.png,0
gelhC45z.png,1
pD2EzkZM.png,1
9pgF4hjT.png,2
8N9Ge7j2.png,1
Ayim84oQ.png,0
IWaYuHoz.png,2
0V6xD1gh.png,0
CnpgauXM.png,0
1x8hL45r.png,2
HnrC8KjN.png,2
UvfJZe3d.png,2
8eOvDuQV.png,2
uAT0JZbH.png,2
IGe4oQOa.png,1
1qFRnImB.png,2
8lPkqOj5.png,1
3U1XfCYy.png,2
owOIEf2P.png,0
bxt5MuON.png,2
HiSu7o0l.png,2
QV0pDyvL.png,0
5AbFELl0.png,1
6ivDaNzf.png,2
1fmV7kJZ.png,2
hIcZKTmf.png,2
d6HcZKnE.png,2
3f1CDRNk.png,0
sHaKFybG.png,0
WJxem0Gd.png,0
oNkMtYfD.png,2
ziXRqfak.png,0
usbeoipZ.png,2
6zhGAyja.png,2
HkasmJyu.png,0
2T15j4VZ.png,0
FbRSrcxh.png,2
WtSphszd.png,0
gUT7zWrh.png,1
3UxVKr1O.png,1
ta5JKjBR.png,2
frUKW7cg.png,2
hz7r5YdP.png,1
ebrDWaXw.png,2
ULyWoTO3.png,2
XhA0QDSU.png,2
OgfKWE7R.png,0
SswYWkzJ.png,2
dfLzxTOa.png,2
AbFWTD5p.png,2
CIl1jwVi.png,0
MBFn4zbj.png,1
ivspdRAz.png,1
P81LtAQ0.png,2
uUk8eyVW.png,2
b1hzfHgm.png,0
hNRcXIqp.png,0
VatNvBX8.png,1
HTgtvcI9.png,2
UxXGJpQe.png,2
fzH7S0gL.png,1
gGBsCOk8.png,2
tXAe7Oar.png,2
L8QsIl3r.png,1
h7gM21nO.png,2
f4HSRIwT.png,2
dRJwoFgI.png,2
V9cKqZJN.png,0
BiqMZfQj.png,0
2HcimsTS.png,0
i8MnLKmz.png,0
91qSbJIH.png,2
Ti5DsjlL.png,1
RKsBukTD.png,0
cwPpODfM.png,1
NE4jCBen.png,2
B46zJaOv.png,2
rgyfeLk4.png,2
YgJQpdNE.png,0
km3XM0dC.png,0
VTUm2oEh.png,2
mCNKsxIr.png,2
nUlVk4FA.png,0
OnfAjxCU.png,0
aPgdEwO8.png,0
LqU6Rm7N.png,0
xfiR7UnY.png,1
azYhHcnJ.png,2
8I6cNiF7.png,0
JcYvlS0X.png,0
79yxBjUf.png,2
NnykC8To.png,0
Mk2rN7n4.png,2
ILAdhYKU.png,2
WMi5uhIL.png,0
Kxyl0VYZ.png,2
JpirwHX1.png,2
vgCZrDIW.png,0
OtgHG5bQ.png,2
79UvCF5l.png,0
o6TYynDS.png,0
wtFi8T2Y.png,2
tb0WoQyF.png,1
n5pNecJd.png,2
RfhbnN63.png,1
tVNRjqGQ.png,2
LdYy94Tz.png,2
DwR5kUjf.png,2
oWkh96Ct.png,2
aL7kHICj.png,2
XMtefKpI.png,2
KTONGqj8.png,2
8QjogH9K.png,0
itRz9YLH.png,0
5oZxLXhm.png,1
yiPx0SLQ.png,2
pS28QBCf.png,0
KvY0q4yW.png,0
3AovcesB.png,0
z4lAiRj2.png,2
JgsFtnqI.png,1
65uSlXNb.png,2
mNMat6vZ.png,1
SAlYmMVf.png,2
fFxKkH7W.png,1
rKWjaHUB.png,2
PcwWUtnX.png,0
ls9HanhE.png,1
lZfanUhG.png,1
c8UPVels.png,2
t6SyJGbm.png,2
KTahBSc0.png,1
epI8vgxt.png,2
gkQTAp9J.png,0
wSX0oaUn.png,2
xEWh45cy.png,0
ceQqWDn1.png,2
uQRL2tak.png,0
cP7t2Oae.png,0
j7gR4Q9m.png,1
Tu1MnjiH.png,1
KAzy1Zj2.png,1
QakUHcPR.png,0
OAxNEeDd.png,0
oRBV2Ugs.png,2
WFhRT3Dw.png,0
nUC7D9hd.png,0
9Fc8ZDYS.png,0
u0JqpfQb.png,2
uZXKxMV0.png,0
qFEz0Xgl.png,2
xSUbBsy8.png,0
Wrqj1ftl.png,0
MZWDhwHU.png,2
9ioWrY3A.png,1
t5PB0K8a.png,2
1YjHu3zl.png,2
p8oL59kb.png,1
4OwpGni2.png,2
uai2BjmN.png,1
Sg9ZmsNL.png,2
TjAqXRle.png,0
BpWfZY3z.png,0
EDbwJfB4.png,2
thPSC7ET.png,2
xYlBr5s6.png,0
HpWyTfB2.png,0
I5oUyJv8.png,2
RYuthHvi.png,1
3jPDokvZ.png,2
62vCqzIQ.png,2
Kv3mQWuO.png,1
gQbj2uhm.png,1
s3kZ21Kf.png,1
Du3pnIYq.png,1
kbMNEID7.png,2
26MgmxBJ.png,0
1X7Hqach.png,1
WD4F6SKM.png,2
0JozGHh2.png,0
KAUdQ9Zc.png,2
0j58IEQp.png,0
fDuY4WBQ.png,1
IhfeQ275.png,2
X63zGH1Y.png,1
8meXM06b.png,1
qI91yGHD.png,2
KI3UhEwk.png,2
NEikQb1X.png,0
fwyOYckX.png,2
NP5zpkMK.png,0
htnq1Qpi.png,1
9H4T8oCa.png,0
I7flczhC.png,0
shBRlPwc.png,0
DIZ1NWqi.png,0
WJ36YVo8.png,0
oERrfnqy.png,0
cJjlHZOP.png,0
Q8EpSgKY.png,2
HSdC8VRD.png,0
bXZ9zgMx.png,1
fyv6k3uR.png,1
HMD4z75X.png,0
BXq0mab7.png,2
0qHaD517.png,2
mGpsPhQL.png,2
3h48rsfQ.png,1
Hr4Efgw6.png,2
kKF0rVSW.png,1
9ZgkKYTE.png,0
L6wyH4Ae.png,0
oGTg50CP.png,1
YEbSsQ6t.png,2
dLRko46A.png,2
rm7sxIC9.png,2
YDWTxVgO.png,2
xcyFNm31.png,1
37YtO9Fs.png,1
YpTZltdj.png,1
LMm3N1Sp.png,2
FUifSs4Q.png,1
T2CXtjiQ.png,2
DfVx80Gb.png,0
6p0SkigV.png,2
FjX4JmIt.png,2
c5VUxoZw.png,1
57H2I4ra.png,2
ksWnB2F6.png,0
W4rsu1bA.png,1
oa8O4jr9.png,2
0u1TA6VR.png,2
hWur0Yz7.png,2
uxqJo50K.png,0
0jXp7GA2.png,0
tBOIKgW4.png,2
SdZD25H7.png,0
P4d19qvO.png,0
kv6utZ9D.png,2
XCej1BkE.png,2
eACUOzNL.png,1
MkGJ356m.png,0
IzL3E12S.png,1
3k0JcMZQ.png,1
D964iBfJ.png,2
yTicgtQ6.png,0
HXgR0tz8.png,2
0g8Skvu2.png,2
dIawYzyQ.png,2
2BXtJnwL.png,2
HTGl5Fq4.png,2
dgrtCQvF.png,0
fpT2JgqC.png,2
s3or2R84.png,0
6F0bRjO1.png,2
GVRbWftw.png,2
0QLW5eNS.png,0
aMtW8lBk.png,2
tILB5OKo.png,2
1e78zE9s.png,2
QJ2CVevk.png,0
GfIraxmb.png,2
8s1AMFO5.png,0
XrTS7GIE.png,0
ctL9p0BJ.png,2
kmn5fYAh.png,0
CUO6fLBc.png,2
0u6MY4NC.png,1
aeZ7Vzrf.png,0
91YXyaL5.png,1
UEGZWOd2.png,0
vLdoABhQ.png,1
xJzeOAj4.png,2
tL2D3Uky.png,2
7KOgzpDv.png,2
P6uR1LdS.png,1
eliGCpSc.png,1
NIoh0vkL.png,2
WyYFijLE.png,1
axUgdlIA.png,0
ZPfHYTqU.png,1
qQ1TxzY0.png,2
YFBvI4h6.png,1
vWUGyZH1.png,0
yGq5slDF.png,0
MSlGDNW3.png,0
UXVTx1AJ.png,2
F56RuZIS.png,2
73WKIdHf.png,1
wFX8HVCB.png,0
C4ZdfHem.png,2
J9Fk8YtV.png,2
rkbuKp1F.png,2
8a3p7qsd.png,0
WRFqay8z.png,2
fDcKUq0H.png,0
1Jsn0TKr.png,2
KOoXUEw1.png,1
GZwx6kA8.png,0
XOP0jN7H.png,0
QPJrWpH9.png,2
Y0gNzTRr.png,2
hSk6KHRr.png,2
RqsuiFpH.png,2
xRIACcqn.png,0
suMB5boL.png,2
1M4xswXu.png,2
LQeuYdKJ.png,2
HkbzOgtP.png,1
czXfk9WH.png,2
5sFqJTK8.png,0
Yh48tUQJ.png,2
MdxFNYkw.png,2
a1h37Jdt.png,0
GecKMUsu.png,1
xlGNuiYC.png,2
yTb58CuB.png,1
0pE84YZl.png,0
8WDRvf7z.png,2
eWV1ZLqX.png,0
FlwO4ufN.png,2
0CL1XkY5.png,0
z2KoykiC.png,1
Mh9sfpc4.png,0
ezGDLI0l.png,1
34FKa1Gf.png,0
qlO7fYLx.png,2
rDm6LGnZ.png,2
rXwADPuH.png,0
ihWOZV3H.png,2
DiyfwFsK.png,0
kzlt4AbW.png,2
rRLdcDHk.png,1
Psn7melq.png,1
KgdolEUW.png,2
El9CevsZ.png,0
n7xLUHBD.png,0
VkECuZBx.png,1
MQiYm7K1.png,2
6o1SQngK.png,0
AE296V83.png,0
RndPKBVD.png,2
tMnRZgGQ.png,2
FPX0CcYO.png,1
ujlDTqgY.png,0
5nbJNz9D.png,0
WMHuKaTv.png,0
HI4RC6Q0.png,2
3HufTjAd.png,2
WEcXV2uR.png,1
2riQRLFG.png,2
xPRitMGe.png,0
pO8EWuhC.png,2
ucOz057U.png,1
12B9bWE4.png,2
UpKht3lB.png,0
45cgovQm.png,1
ILhWmafr.png,0
YeE7D1JT.png,2
evU7QXGJ.png,0
AFo7Vidg.png,2
URaEd8z4.png,2
BcX6IJib.png,0
tzcG3vsn.png,0
JliBHLqV.png,2
VmogzSej.png,1
u3tVn186.png,0
Aqkx2dyX.png,0
8QoTRtuY.png,2
4yrFNhEp.png,2
IYiosEVx.png,2
zP4ohpF5.png,1
jL2QAtWD.png,0
9xj6dGZa.png,0
903jRkDV.png,2
qf7VIz3h.png,1
JY3H9C2T.png,0
UVeH3sN9.png,1
gkwsHriI.png,0
gZKI2Qta.png,2
XpfxuH8E.png,0
6BkshCMI.png,2
qe4pEwaS.png,0
90QGVRnX.png,2
hTsgcXRZ.png,1
YzjyvwKA.png,2
0Q2nMioz.png,1
rcNPTRs7.png,0
apkMhtdo.png,2
4qtP87VR.png,2
m9dgUefj.png,0
4xp7ZVvc.png,1
H0a1tjNO.png,0
yZsAINRd.png,2
QFDy1dSm.png,1
I1tL9SWO.png,2
CKnkJjN4.png,2
VJpTI1oF.png,0
TJY6cjMZ.png,2
XHnUVy9h.png,0
DiUAlVyt.png,2
pSx74TdO.png,2
vibTWJ8k.png,0
IK7cNhbZ.png,2
1Qsk2Hve.png,0
RCIiMxgr.png,2
ngFR0QWj.png,2
zorBY4Pi.png,0
mgjsflGT.png,0
DY59iX7R.png,0
EwtpNXU5.png,1
uJCklp01.png,0
rMciUvIh.png,2
aBQMWHy6.png,2
hnVDrL6N.png,2
7YzlTXPG.png,2
bTru6yU3.png,1
uOzpLAPm.png,2
59qskcOU.png,0
Ap3EymFv.png,2
ST7egzIY.png,0
tpSzglWY.png,2
TZrqjeOE.png,2
d5i26pFK.png,0
wQm31EyB.png,0
QlGOuSkY.png,2
fpBR1ram.png,1
S6CgZ9nt.png,2
Hm690nQc.png,2
L6Msgi0G.png,2
t3CKxi47.png,2
5NUlMG8E.png,0
0ucY4bA9.png,0
9xLRyv7u.png,0
AHUb0C3B.png,2
ZGefWS2H.png,1
OtrklV9T.png,0
IN3YRPhC.png,2
FmcSt3NY.png,2
KSfzDPrV.png,0
MHnewBqk.png,2
TDJz1Pel.png,2
XOIordz4.png,1
mhNUkO85.png,1
XcTv10ox.png,2
siKJLYU9.png,2
hHIn7TQO.png,2
RiSDG2z1.png,0
WosmjyDp.png,2
XpEQz2ok.png,2
jsWDc5b0.png,0
skbNclYS.png,2
gRawJY7Z.png,1
6ETVequR.png,0
GRH8O4fy.png,0
a9LQbl51.png,0
NWJzpdaV.png,0
HhDIYlns.png,2
Ix85QfB1.png,1
3sbjS1aM.png,1
cGvfhmwJ.png,0
E1knu36F.png,1
Jp4dDl8N.png,2
8dbAnUWh.png,2
Dbt1dTeg.png,2
mQDsLMU5.png,2
uY07rJ5U.png,1
No064S5K.png,2
qfKoWVvZ.png,2
MD48wg1e.png,1
sMeTg3YU.png,0
g5Fp0IGr.png,0
sQA4Ofh6.png,2
vbTIPtyf.png,2
RzlhVQxp.png,0
upS98WtK.png,0
8QX6mriq.png,0
mICyngdF.png,2
XowtzxWP.png,0
TsHvY3ug.png,0
BOd1qeTG.png,2
PVRrYTLq.png,2
FlghWrut.png,0
GrREDuMn.png,1
HotFu3zw.png,2
b7Pjk51J.png,2
Y4bnPzOo.png,2
rXpQFc8P.png,0
W2JKimtX.png,1
HAs5PqT3.png,1
SME18jqF.png,1
rfnN14UO.png,2
6IdFZHCU.png,2
Rr5C4QFP.png,2
L0bWNEo5.png,0
KJ5RgLts.png,1
THQBfIdN.png,2
K3OqhUR2.png,0
xfbqeagI.png,0
sPcC8UO2.png,1
b2fYFxKH.png,0
zvLsCnA0.png,0
K2xAtzhy.png,1
ADQ8tvLI.png,2
xdMCrw18.png,2
fN5ky1hT.png,2
lBsNWrLM.png,0
lhRZbjY6.png,2
RONEyFCf.png,2
sGR8KJDr.png,2
aUhLe0d9.png,0
aFKxOcuj.png,1
ELPk8W5Q.png,2
wcf8kmKY.png,0
04qwufUH.png,2
kKmMo3xe.png,2
G8bwneMp.png,0
ce21NWMz.png,0
A4zyxdST.png,1
I1mNB8L2.png,1
T52XmpsG.png,0
8IbASvFw.png,0
Zzr3JylS.png,0
ue9n784y.png,2
DklCXZFv.png,2
ZYivTRdV.png,2
RPK8eiC1.png,2
kxQKaTOC.png,2
p4eEGCHY.png,0
oQvy6w30.png,1
Ou2mUXfW.png,2
xous0azJ.png,2
GPm7O1UY.png,0
DXyg1mGi.png,1
AQeMi9Oh.png,2
XMQvpeCU.png,2
wmuCOinh.png,2
TfxDhWcv.png,0
7gyH1aGA.png,0
41zHABdG.png,0
kcUxCjYF.png,1
w5pJef0k.png,0
Uaj9ABYG.png,2
1uc3DGFC.png,1
5pl2Keis.png,0
UbYycvqI.png,0
8fx39NsF.png,0
voS0679a.png,1
9Hoas6GY.png,2
2ZsxQVdS.png,2
bioV2Zaz.png,0
be8FE7t3.png,1
xc83PNQK.png,0
9sVKyDSf.png,2
TARIEP5Z.png,2
yptD48Ch.png,2
TNKIx6iS.png,2
5e3uz0iV.png,0
pQ6I03Un.png,2
VYRGfaZb.png,2
udaPv87x.png,1
ImuT0Mkg.png,2
7Z6frTIQ.png,0
xTBiqFjh.png,0
UgNHT9C7.png,2
pTB2CYQe.png,2
Spr6yC3U.png,2
3YfkE4A7.png,2
k7vsIeYO.png,1
NnfW2Umr.png,0
pwOH4Eto.png,0
0LjkyORl.png,2
JwApNcXM.png,1
y2I3OepG.png,0
XV62cEom.png,2
RdXrHc71.png,2
8ChAQdaB.png,0
x3aJkwb0.png,2
EDWbKjU4.png,1
Pyua5HhD.png,1
TspIcGlt.png,2
xbSCNUk0.png,2
aKeVJmUg.png,2
jCFARTus.png,1
mAykShW8.png,0
C942ycEu.png,2
bxvrd8WY.png,0
o5iOCt6d.png,0
9jX4cWoT.png,0
knPNmYCD.png,2
ht7ECVxT.png,0
UCywMQxf.png,1
aiMhOy3F.png,2
d7w5NH4L.png,2
kG4Hjr3E.png,1
hRYZymAs.png,2
IZyA1NuR.png,1
xKrGYEUv.png,0
bslaPYjF.png,2
QYhJ8DXe.png,2
1nr6lBDG.png,2
nAShfHix.png,1
YW5HOsZG.png,0
t0gNomda.png,2
f6Xd48Ls.png,2
9HEXfDth.png,0
Bxzc8lIM.png,1
nxeaGw8y.png,2
jUeF4WBX.png,1
0qQwIX2v.png,2
WJqNvrTF.png,0
lCUHTp7r.png,2
ekjsoab6.png,0
8Rg5anb6.png,0
jrt0F8NT.png,1
e1NW9FwM.png,2
xQg3YnGw.png,1
QvptyNnC.png,0
7Mz6dNux.png,1
eHEGSO9s.png,2
SOaUDPNV.png,2
epiLsMlJ.png,2
qzDURraj.png,2
eUzaiO5Q.png,2
1EyIXmSF.png,0
IEmHzKaD.png,0
xgPI2ysB.png,0
LdT3rNMv.png,1
K3tedViT.png,0
70dwiDyO.png,0
gBl8PqtR.png,0
ZTzQvOFf.png,0
BshmPQX6.png,0
mCp90fzM.png,1
4neaTc6x.png,2
C8vbi542.png,2
xLEOoM6i.png,2
Z4WrkzuL.png,2
B7ONTeHx.png,2
JjFHEebI.png,2
QnaeUSqg.png,2
La712iyO.png,0
VSBAM1nj.png,2
qHSxjhul.png,1
XQftYHlW.png,2
uTDl51PK.png,2
wumtJlSd.png,2
pX0RDmBx.png,2
R7DGFXS4.png,2
sDPYGvES.png,1
ZdmWbsjP.png,0
VIBObNhD.png,0
mWqnKRjJ.png,0
iUMpzoJ2.png,0
ghevcFwa.png,2
bFJX93lY.png,2
T4HWcGwB.png,0
PWHibsov.png,1
KPFmUylE.png,2
p3QLq0fj.png,1
C7GBjnIS.png,2
qIOg4xGU.png,2
8lS3q19B.png,0
SEJUDLvO.png,2
gH1VU7Wa.png,2
1A74Ef3s.png,0
qhMCwvsa.png,0
hYIjD3pA.png,2
UznFqwMa.png,1
14g3r9hP.png,0
4qcz3NoM.png,2
vGsp3n4V.png,1
s3GFquBw.png,2
4ZBzcsLb.png,2
BMy1dOqX.png,0
V0C2X1Pn.png,2
MFpfmYIU.png,1
GKElJzUA.png,2
9M2z6hnB.png,2
RaxA2CwW.png,0
kmDA9dpx.png,0
fR7okzyV.png,1
x3fptdCm.png,2
KpZVEkFG.png,2
QFfZ7qKH.png,2
xVkj6i07.png,1
IHUWJxKo.png,0
WYTHhUty.png,0
YUPJAg2R.png,1
1td8WybV.png,2
UZmxza2S.png,0
jIWYotH9.png,2
Njs0ybCZ.png,0
ymdQXhZr.png,2
PsXQ9pHV.png,2
nVulQxRB.png,1
KLhNnXwT.png,0
rlBNISgf.png,2
fp5z42sY.png,0
UCOfd5yz.png,2
vUzCoe7F.png,2
jd7Z5q3X.png,2
3JvlWjuk.png,1
CO6DzcfB.png,2
gUWM0u4f.png,0
rfXxhg6Y.png,1
VBuDiPol.png,0
knOV7C9G.png,2
qad0xBkA.png,2
WXGjRpAq.png,0
gqCFHAXo.png,1
WJwtpNF0.png,1
vKIxEM2u.png,1
W3hK04dF.png,1
7PSmJM0o.png,2
IuO6JW7m.png,0
cYAvhfVW.png,0
Te2IrlKz.png,2
DrmSGRha.png,0
OESkn7Ld.png,2
WOl6d42B.png,2
9Jy8isS5.png,1
NlViypK5.png,2
etb9h3A8.png,0
I3XYBO6a.png,0
W2SIN0Cw.png,0
KPHAcbeS.png,2
DoibcGlB.png,1
P7vDwA9b.png,1
4ThaNQtB.png,0
8hvGIMgF.png,1
Feu3HfIb.png,0
RY29KoZU.png,1
GM4rZi7U.png,2
JevYCTWV.png,2
LAEKtfdh.png,0
T3RlEZoX.png,2
AbypcWLu.png,2
CgocxyYB.png,2
OopjbugJ.png,2
FQKU45W2.png,0
z5i3aBt2.png,1
rwaDAho6.png,1
zNXrbqfh.png,0
pTL1kxgC.png,1
1jlZqKDY.png,1
0JgQuETW.png,0
QimahKVY.png,1
crXL8T9j.png,2
lDOueF1t.png,2
D1bXC0ZU.png,2
r7ZmOj6C.png,1
D4zpZ2UP.png,0
rY6wWs01.png,2
BlH2DOhg.png,2
43Ada6XI.png,2
l7uA9LUy.png,2
IPvmO32Q.png,1
OAW5QI1D.png,2
TP8jIyfh.png,1
PDfLTCVY.png,2
YrDWNvh1.png,0
EcXLid7B.png,2
5wsmGFSg.png,2
XMJKR5yq.png,0
TELhsOKi.png,2
sk8oj4wi.png,0
xZksw92b.png,0
9VRfhmEu.png,2
rt9xEzIi.png,2
imlAk7w6.png,0
2iYoACHu.png,1
ndVFT4Eo.png,0
Mud2jmVC.png,0
zHnjV3RW.png,0
yUh7Xnm6.png,2
LlV5ADSc.png,2
sfJePOCv.png,0
Pothp9Tj.png,2
109ntCpi.png,0
aoy4MhTD.png,0
m75FC6qb.png,0
i8514F7E.png,0
iQYc3MEy.png,2
2X3Bl1ZQ.png,0
lcRGeo9W.png,1
fqznIYHB.png,1
nIfrEcXi.png,2
5EbBt4Hd.png,1
sW29c4ob.png,2
JoAN32Og.png,1
uo2RWbDv.png,0
qthMGTc6.png,0
WTDtje4U.png,0
cMmwtvho.png,1
WwNX2HjQ.png,0
fxuMVs7B.png,2
TeP86YHb.png,2
HES8hGmy.png,2
oAM8bCHf.png,2
ynxoMt9d.png,1
4XcwlF60.png,0
pXZ8yF07.png,2
K3aw1XcD.png,0
MzNOXT4x.png,1
3iOBGoMd.png,0
uO5gAHJC.png,2
qLCFjakA.png,1
XPRB4KVf.png,0
eMtm1qcV.png,2
RunJvq6i.png,2
ZkqUVYF0.png,1
j9DBF1VA.png,2
KUAzlH09.png,0
TFobDKu7.png,2
zMHPGAts.png,0
XFUNCw52.png,0
fcNbYiUJ.png,2
d6q8pDwn.png,2
B1dALYa2.png,0
ISqLTpo5.png,1
nMKFc7VZ.png,0
mnqRhkbN.png,0
Z0IfMEWe.png,0
WzCBKxjp.png,2
qtalk5BL.png,1
suwM20Yh.png,2
0lw2L5mO.png,0
9CrxHcgA.png,1
mJiNRgG6.png,2
Hv012fk3.png,0
TAWiKoMJ.png,2
NXYgH2Z4.png,2
a8vuOznZ.png,2
hnsKADpZ.png,0
qDevIRlf.png,0
h3HmW7Ev.png,1
9uiUOgMf.png,2
eJTD2KLc.png,2
p2ytmw7J.png,2
cUx5J2o0.png,0
hfikXWGL.png,0
S1ba4Mf3.png,0
o2IYZLgi.png,0
j607aCiD.png,2
IB4ot7Tq.png,0
1yBcPQpL.png,0
AU92LQTt.png,1
FmcgxeE8.png,2
FRdwfkvy.png,2
z23o4cUC.png,1
017NYbuU.png,2
OPKxN1Vw.png,2
a7HVC2kP.png,1
4k6c1I0s.png,2
4TRu8GQo.png,0
FAZNh6oH.png,2
chpBbwJt.png,0
3TlRIycs.png,2
Qsz7kH4o.png,2
AdPW3GI4.png,1
068DhJIU.png,1
iUdEIKXY.png,0
9Z5oLJC1.png,1
L4iJlYv1.png,0
ShbeIPE4.png,1
6ajmH0dg.png,0
CxeO631a.png,0
hIeM9528.png,2
mPkthHyF.png,2
Y9mTB2R0.png,1
VriPXFoZ.png,1
RZTGF9lr.png,0
RHCBIybs.png,2
KqIJ4xkZ.png,2
i1IFwqz2.png,1
Bu5MHrxy.png,2
3Ru86WHj.png,2
fcw529Mp.png,1
j4o1vUmg.png,1
lTSdIUnf.png,1
ebD4wJFG.png,2
0dS6DMeF.png,0
csxlApJ3.png,2
B7AiOt9T.png,2
emSqjvBn.png,1
RSVCnqQm.png,0
Kgvfwk6x.png,0
zrK8Y3Qo.png,1
1YR3lTh7.png,0
bXGgMH5x.png,2
fMdP6TIS.png,0
PUTbS8Rr.png,2
pY5sI0TJ.png,1
2I84wPbQ.png,2
Y35J90jO.png,1
WMH1vlqQ.png,2
IlABnumi.png,2
cEhA7egx.png,0
f6JAI1HN.png,0
tv465TBk.png,2
0FE4nOMu.png,1
xd81A9YD.png,1
p3rbxZig.png,1
wEjZWlnm.png,2
bY9tiPsm.png,0
2hfPNit7.png,0
q7EoMN3c.png,2
4k2grELs.png,0
6fOpskLw.png,1
BryRdQVW.png,0
gEYGHqD8.png,2
vn8KIYgl.png,2
k3DuEHfL.png,0
Df6Z8Sso.png,2
RcUAS3kH.png,2
HhkzGBl1.png,0
xiGCdNtJ.png,2
r2I1qgtu.png,2
Hp861VoP.png,2
lRiKkhCF.png,2
3XoBJ7sU.png,2
mI0XF2TN.png,0
gNrl02ok.png,1
rjcvXFJ0.png,0
wG3YPyjJ.png,1
oZhA38c5.png,0
2pxNGSco.png,2
NdK4Vb8I.png,0
d0tmaOAr.png,1
VwaGOD0t.png,1
Ah7zWkVe.png,2
84UQhqmB.png,2
M8sW5pRZ.png,1
xecdWyos.png,2
Nu8Ch6BY.png,2
ls2EpFxm.png,1
8o4DTxaJ.png,1
bAgYBtcy.png,2
ylCwx1rQ.png,1
Bmxr1pIe.png,2
eMzVJpO1.png,0
O8Tek3Nv.png,0
Dkve50bE.png,2
6plXMxTh.png,1
ec3VMokB.png,1
KThx1AsL.png,2
V0iBcK4d.png,1
zlHiTmJL.png,0
KYwnVPL7.png,0
ychYw48g.png,1
O2PvjJED.png,2
KuJxT8Rl.png,2
UFLt8Y0y.png,2
gWmXJMR0.png,0
blGC6W3R.png,0
2oQvGMpn.png,0
OEKtDMkR.png,2
dZLkh4og.png,1
dRsFiP4x.png,0
ZCWGN0q2.png,2
HRqZFL0M.png,1
XlsDJT8Y.png,2
fBlPZjta.png,2
NLVdqI0G.png,2
ynI9rq7g.png,1
yoafnV4Z.png,2
Psj0ok9R.png,2
9iN1hC3w.png,1
3jbOZBlx.png,2
4vDBT0lw.png,0
IpAYJizG.png,2
fR9XEwIK.png,2
bKvFToY3.png,0
S1NyWuFh.png,0
FqHSALP0.png,0
CrkH3fw2.png,2
YNLCnReT.png,2
8PYOp20U.png,1
vNJVB1mh.png,2
XUmTDBwd.png,0
52tvMYAS.png,2
zKvJsypN.png,0
2jmAiygv.png,1
gSKyRtYP.png,2
fsa3AoT7.png,2
9FMR1Uhk.png,2
8da2I5QF.png,2
tEj7n5dV.png,2
1Lq2U3iZ.png,2
veMjraqU.png,1
VgZLMb2P.png,1
8kClW962.png,0
kVZjWzPm.png,1
sFnYyr0N.png,2
aqGhtXne.png,2
zW6T5BEs.png,2
Dmr8EU1u.png,1
EvpT6t9d.png,2
4CpkKJT8.png,2
N0Yp2ZLS.png,2
eYO7CdiN.png,0
dcCMgvz9.png,1
QBw9ZkCF.png,1
10RBjVxC.png,0
P9giY4n0.png,0
PGHgkIAF.png,0
8xiEntH5.png,0
O6TNKUeR.png,0
C4GzqnA6.png,2
1i5F0oPh.png,1
9evf8WAD.png,0
KysnMI0c.png,0
9aOvA4Qq.png,2
ZlUsx87W.png,1
4KXEfCpO.png,2
bINZUgrc.png,0
g0SwfNYc.png,1
awSz4Ydt.png,2
krfoDBWL.png,1
IE1OpagL.png,2
E4KZ1bOM.png,2
E8Q9UKV5.png,2
cB5tQzTv.png,2
nZioV5CS.png,0
J92uwUZn.png,2
Z8dcw0Mp.png,2
sOWPIiU1.png,1
yYwomLN1.png,2
C6oHP3kK.png,1
yCncQFMN.png,2
1aC6gQIP.png,0
6IBudGjl.png,2
usBvoUKb.png,0
D7aOMytP.png,0
vrcgPkmt.png,0
VR06DZ3W.png,1
xM3fEWOQ.png,2
oBvJ8Seg.png,0
Y3thuzZ5.png,0
PD0E8fkn.png,0
9krG2uPt.png,0
doDSFMH3.png,0
FqbkgBrL.png,0
UbCEAVKB.png,0
ND7236Yq.png,0
cJuY0EtR.png,1
E6WR97NH.png,2
Pl7R3wmd.png,2
ATSjXVDZ.png,0
XPziNKRA.png,2
0vlZDSPL.png,2
amGWHdQD.png,1
zdEFONov.png,1
XODI9xzl.png,0
JojuKTFD.png,2
yd3GXQlj.png,2
yiTotYbN.png,0
6DUIqwdJ.png,1
7eVpZ8vk.png,2
0Pv95Aad.png,0
Wk65Mhwn.png,0
lBTtFr2v.png,1
qwl8sFAS.png,2
Vx2ojG61.png,2
kqMOI5xH.png,0
YOaByuov.png,1
8kOiECJG.png,1
oNfkBVrq.png,0
y8LQgBuG.png,2
a92mAxWs.png,2
4MiC6YyS.png,2
ZLip7wx5.png,2
gimZWc2w.png,0
RfDjwINK.png,0
K7gnDvNL.png,1
Ect2jDXp.png,0
frSuNKHV.png,2
qdRBMjGF.png,0
IXpdjZRS.png,1
GDRpTz6E.png,1
IXG0gDqJ.png,2
USOXtfkR.png,2
ocyl315u.png,2
knhvYdKV.png,2
Hbzv5cjT.png,0
GcHzNpuY.png,0
JKLba13M.png,2
IgyWx0qX.png,2
SoXEnlOy.png,2
y6VzXkBo.png,2
9ey6mIVE.png,0
wTuc10SP.png,0
LGRm4Wru.png,0
RPLA7GnH.png,2
3bOzRY7r.png,0
6dQbzgjx.png,1
gJnZQokS.png,0
NlFwE9fL.png,1
U04631R2.png,0
lfaDQM59.png,2
teG1gMvo.png,2
rxTmIgnC.png,2
zi84JMmQ.png,1
ulhLnFsc.png,0
AQzO35Yu.png,2
14dnUK0c.png,2
FLjD5ZtC.png,1
EVzh0Nif.png,0
cgivhOGK.png,0
Jn7vQj2c.png,0
YA52zvfC.png,2
Q0skBYlg.png,0
uj8MAwEp.png,0
PJY6mb4W.png,2
YE6wahi0.png,1
mHbhGyoP.png,2
1C6pSFzB.png,2
0hFEBOXm.png,1
3zL1gNRb.png,1
DriTK8PS.png,1
Rzl6cuKd.png,0
jeyIio4d.png,1
yct0m3XR.png,1
reFiJKWD.png,2
tzlLE6sv.png,0
eS0a8KlB.png,0
DdoyknRO.png,1
fWjh7DQ2.png,2
zpcwUFhE.png,2
r4qib0jl.png,1
iJp3rI54.png,2
5qc4U0CY.png,1
ATD1ZFXH.png,2
dYt0scC7.png,1
Ozs0ehkx.png,2
juDyosNW.png,2
lvPWZMiS.png,0
6CI025tS.png,2
gcOr2eVl.png,2
6reTsEQH.png,0
gwxeND0L.png,2
bqQLchVX.png,1
ymaeqgKb.png,2
NV3amjol.png,2
i8rEwSLT.png,2
To4y3l7R.png,0
UhVYPNtA.png,1
oRhtgTcs.png,2
z9ShLerx.png,2
i6TbJ0CU.png,2
mtiWPgw8.png,1
WgDB3Q91.png,2
XSlnaodg.png,2
Zlb2hMuT.png,0
tmvXC12k.png,2
MmKEj5ci.png,2
vFGXLuPc.png,2
1GbdDxPh.png,2
FbgWdiJh.png,2
kivCIay9.png,1
oKlWe9Um.png,2
k1tMO3en.png,2
qlF2pUZT.png,2
d1cTbjgs.png,2
pXVH4YJK.png,0
HIUWJiAZ.png,0
WfgyDYTx.png,0
lg5v4c0A.png,2
n6AYhp97.png,1
9voKsd3j.png,0
4sdlUu3y.png,1
dYMs92wn.png,2
NT0Obz2f.png,2
